<?xml version="1.0" encoding="UTF-8"?>
<!DOCTYPE hibernate-configuration PUBLIC
        "-//Hibernate/Hibernate Configuration DTD 3.0//EN"
        "http://www.hibernate.org/dtd/hibernate-configuration-3.0.dtd">

<hibernate-configuration>
    <session-factory>
        <property name="hibernate.connection.driver_class">org.postgresql.Driver</property>
        <property name="hibernate.connection.url">jdbc:postgresql://localhost:5432/postgres</property>
        <property name="hibernate.connection.username">postgres</property>
        <property name="hibernate.connection.password">123</property>
        <property name="hibernate.dialect">org.hibernate.dialect.PostgreSQLDialect</property>
        <property name="hibernate.hbm2ddl.auto">update</property>
        <property name="hibernate.show_sql">false</property>
        <property name="hibernate.format_sql">false</property>
        
        <mapping class="com.crisballon.features.client.Client"/>
        <mapping class="com.crisballon.features.product.Product"/>
        <mapping class="com.crisballon.features.order.Order"/>
        <mapping class="com.crisballon.features.order.OrderItem"/>
        <mapping class="com.crisballon.features.user.User"/>
        <mapping class="com.crisballon.features.user.AuditLog"/>
    </session-factory>
</hibernate-configuration>